1,Biodex,8 Lighthouse Bay Road,TX,Dallas,48
2,Latlux,9336 Porter Terrace,IL,Aurora,114
3,Viva,05 Melody Point,OH,Akron,230
4,Holdlamis,5197 Havey Street,KS,Topeka,25
5,Domainer,7816 Di Loreto Lane,TX,Beaumont,204
6,Keylex,0 Portage Plaza,IN,Fort Wayne,66
7,Keylex,04326 Washington Place,CA,Garden Grove,244
8,Holdlamis,6141 Hoepker Way,AL,Mobile,209
9,Flowdesk,61658 Vahlen Road,VA,Arlington,204
10,Job,1305 Sunnyside Terrace,CA,Berkeley,128
11,Regrant,2073 Morrow Hill,FL,Lake Worth,297
12,Zoolab,096 Elka Junction,CO,Littleton,152
13,Solarbreeze,68 Bayside Trail,TX,Odessa,36
14,Sub-Ex,74666 Shopko Point,ND,Fargo,101
15,Cardify,17 Fairview Hill,CO,Denver,66
16,Redhold,32507 Shasta Avenue,KS,Topeka,222
17,Sonsing,86 Weeping Birch Hill,NJ,New Brunswick,120
18,Stim,55918 Scott Avenue,NY,New York City,221
19,Tresom,984 Kings Junction,AK,Fairbanks,264
20,Lotstring,6390 Graedel Pass,CA,Los Angeles,113
21,Flowdesk,48 Florence Trail,CO,Colorado Springs,296
22,Temp,398 Grayhawk Alley,FL,Orlando,21
23,Andalax,90102 Kensington Circle,NY,New York City,241
24,Keylex,1409 Dakota Terrace,FL,Miami,136
25,Sonsing,15 Birchwood Pass,TN,Chattanooga,52
26,Bitwolf,871 Anthes Hill,FL,Clearwater,19
27,Asoka,88 Mosinee Plaza,ME,Portland,52
28,Alphazap,7339 Butternut Parkway,MN,Saint Paul,42
29,Solarbreeze,70684 Ridgeway Terrace,UT,Salt Lake City,277
30,Overhold,43 Jackson Hill,DC,Washington,257
31,Bigtax,62 Dennis Drive,MA,Springfield,221
32,Asoka,7 Algoma Center,FL,Saint Petersburg,56
33,Tampflex,89632 Almo Street,CA,Pasadena,96
34,Lotlux,246 Carioca Park,WV,Huntington,207
35,Keylex,9419 Prairieview Lane,TX,Fort Worth,268
36,Vagram,4 Hoepker Parkway,FL,Boca Raton,82
37,Namfix,43476 Arapahoe Crossing,PA,Wilkes Barre,111
38,Cookley,941 Morningstar Crossing,MI,Dearborn,124
39,Toughjoyfax,946 Karstens Center,CA,San Francisco,256
40,Zontrax,6008 North Junction,FL,Clearwater,67
41,Sonsing,69684 Debra Terrace,GA,Atlanta,291
42,Matsoft,0848 Schmedeman Plaza,TX,Houston,203
43,Zathin,71 Duke Pass,MA,Waltham,157
44,Biodex,1532 Claremont Hill,TX,Dallas,133
45,Fix San,4 Mitchell Avenue,CT,Bridgeport,84
46,Transcof,756 Sutherland Place,TX,Houston,139
47,Zontrax,6075 Monument Court,FL,Miami,81
48,Keylex,65198 Green Plaza,IA,Waterloo,233
49,Zamit,25644 Nancy Alley,OH,Akron,65
50,Span,695 Grasskamp Trail,OK,Oklahoma City,16
51,Pannier,03 Dwight Center,MI,Warren,166
52,It,3 Hazelcrest Court,KS,Shawnee Mission,105
53,Solarbreeze,98560 Reinke Parkway,NV,Carson City,166
54,Stringtough,3020 Goodland Lane,TX,Conroe,258
55,Bytecard,5 Glacier Hill Terrace,NV,Henderson,300
56,Voltsillam,960 Oneill Plaza,TX,Wichita Falls,70
57,Alpha,82954 Mcbride Alley,NY,Rochester,98
58,Mat Lam Tam,8 Farragut Point,NY,New York City,20
59,Ronstring,87 Susan Way,NV,Las Vegas,189
60,Aerified,11 Annamark Center,NY,Brooklyn,298
61,Tampflex,01 Monument Junction,TN,Kingsport,81
62,Duobam,74 Scoville Terrace,TN,Nashville,294
63,Matsoft,619 Corry Parkway,TX,Austin,109
64,Flowdesk,98669 Shopko Parkway,CA,San Rafael,86
65,Biodex,74 Darwin Terrace,CO,Greeley,270
66,Vagram,48838 International Way,WI,Milwaukee,290
67,Tresom,5 Forster Court,TX,Austin,204
68,Daltfresh,587 Division Parkway,TX,Houston,184
69,Tres-Zap,94028 Welch Road,TX,Fort Worth,23
70,Lotstring,106 Hintze Court,NV,Las Vegas,41
71,Job,2483 Bashford Point,TN,Memphis,29
72,Tempsoft,138 Erie Terrace,GA,Valdosta,245
73,Regrant,7 Susan Pass,OH,Cleveland,132
74,Sonsing,5479 New Castle Park,CA,Sunnyvale,175
75,Flexidy,1160 Algoma Lane,TX,Fort Worth,252
76,Subin,578 Hollow Ridge Point,MN,Young America,28
77,Alphazap,69845 Portage Plaza,MO,Saint Louis,16
78,It,9 Milwaukee Place,IL,Chicago,204
79,Latlux,4 Cherokee Lane,MI,Lansing,267
80,Sonsing,0 Goodland Alley,WA,Olympia,204
81,Flexidy,124 Mayfield Center,DC,Washington,175
82,Regrant,5753 Milwaukee Street,IL,Peoria,282
83,Regrant,746 Forest Run Circle,CO,Englewood,89
84,Regrant,7514 Ludington Lane,CA,North Hollywood,273
85,Ventosanzap,2328 Dakota Place,NY,Bronx,69
86,Cookley,77374 Sunbrook Trail,TX,Tyler,285
87,Fintone,1168 Susan Drive,IN,Evansville,227
88,Duobam,09283 Cody Plaza,OH,Toledo,247
89,Cookley,28243 Barnett Drive,MO,Springfield,264
90,Flexidy,01656 Sherman Point,SC,Charleston,109
91,Stringtough,5519 Rusk Avenue,VA,Norfolk,268
92,Fix San,8 Haas Way,NC,Greensboro,199
93,Holdlamis,917 Canary Street,NY,New York City,288
94,Quo Lux,453 Paget Place,NY,New York City,273
95,Redhold,3 Burning Wood Trail,VA,Reston,154
96,Mat Lam Tam,377 Meadow Ridge Lane,OH,Dayton,75
97,Treeflex,40 Swallow Junction,GA,Lawrenceville,207
98,Tresom,04207 Longview Circle,LA,New Orleans,291
99,Asoka,9 Eagan Crossing,NE,Omaha,140
100,Veribet,77 Golf Junction,LA,New Orleans,111
