100,fusce lacus purus aliquet at feugiat non pretium quis lectus suspendisse potenti in eleifend quam,1
101,dui nec nisi volutpat eleifend donec ut dolor morbi vel,2
102,nulla elit ac nulla sed vel enim sit amet nunc viverra dapibus nulla suscipit,3
103,eget tincidunt eget tempus vel pede morbi porttitor lorem id ligula suspendisse ornare consequat lectus in est risus auctor,4
104,eu magna vulputate luctus cum sociis natoque penatibus et magnis dis parturient montes nascetur ridiculus mus vivamus,5
105,sapien dignissim vestibulum vestibulum ante ipsum primis in faucibus orci,6
106,vitae nisi nam ultrices libero non mattis pulvinar nulla pede ullamcorper augue a suscipit nulla,7
107,in quis justo maecenas rhoncus aliquam lacus morbi quis tortor id nulla ultrices aliquet maecenas leo odio condimentum,8
108,nullam molestie nibh in lectus pellentesque at nulla suspendisse potenti cras in purus eu magna vulputate luctus cum sociis,9
109,ullamcorper purus sit amet nulla quisque arcu libero rutrum ac,10
110,auctor gravida sem praesent id massa id nisl venenatis lacinia aenean sit amet justo morbi ut odio cras,11
111,eu est congue elementum in hac habitasse platea dictumst morbi,12
112,morbi quis tortor id nulla ultrices aliquet maecenas leo odio condimentum id luctus nec molestie sed,13
113,vel accumsan tellus nisi eu orci mauris lacinia sapien quis libero nullam sit amet turpis elementum ligula vehicula,14
114,amet eleifend pede libero quis orci nullam molestie nibh in lectus pellentesque at nulla suspendisse potenti cras,15
115,aliquet at feugiat non pretium quis lectus suspendisse potenti in eleifend quam a odio in hac habitasse platea dictumst maecenas,16
116,sapien ut nunc vestibulum ante ipsum primis in faucibus orci,17
117,in purus eu magna vulputate luctus cum sociis natoque penatibus,18
118,nulla mollis molestie lorem quisque ut erat curabitur gravida nisi at nibh,19
119,in leo maecenas pulvinar lobortis est phasellus sit amet erat nulla tempus vivamus in felis eu,20
120,accumsan odio curabitur convallis duis consequat dui nec nisi volutpat eleifend donec ut dolor morbi vel lectus in,21
121,ultrices vel augue vestibulum ante ipsum primis in faucibus orci luctus et ultrices posuere cubilia curae,22
122,amet consectetuer adipiscing elit proin risus praesent lectus vestibulum quam sapien varius ut,23
123,augue quam sollicitudin vitae consectetuer eget rutrum at lorem integer tincidunt ante vel ipsum praesent blandit lacinia erat vestibulum sed,24
124,pellentesque volutpat dui maecenas tristique est et tempus semper est quam pharetra,25
125,sapien urna pretium nisl ut volutpat sapien arcu sed augue aliquam erat volutpat in congue,26
126,phasellus sit amet erat nulla tempus vivamus in felis eu sapien cursus vestibulum proin eu,27
127,vestibulum vestibulum ante ipsum primis in faucibus orci luctus et ultrices posuere,28
128,ut nulla sed accumsan felis ut at dolor quis odio consequat varius integer ac leo pellentesque ultrices,29
129,at nunc commodo placerat praesent blandit nam nulla integer pede justo lacinia eget tincidunt eget,30
130,luctus ultricies eu nibh quisque id justo sit amet sapien dignissim vestibulum vestibulum ante ipsum primis in faucibus,31
131,eu est congue elementum in hac habitasse platea dictumst morbi vestibulum velit id pretium iaculis diam,32
132,placerat praesent blandit nam nulla integer pede justo lacinia eget tincidunt eget tempus vel,33
133,scelerisque mauris sit amet eros suspendisse accumsan tortor quis turpis sed,34
134,ut at dolor quis odio consequat varius integer ac leo,35
135,varius ut blandit non interdum in ante vestibulum ante ipsum primis in faucibus orci luctus et ultrices posuere cubilia,36
136,habitasse platea dictumst maecenas ut massa quis augue luctus tincidunt nulla mollis molestie lorem quisque ut erat curabitur,37
137,primis in faucibus orci luctus et ultrices posuere cubilia curae nulla dapibus dolor vel est donec odio,38
138,pulvinar sed nisl nunc rhoncus dui vel sem sed sagittis,39
139,dapibus duis at velit eu est congue elementum in hac habitasse platea dictumst morbi,40
140,platea dictumst etiam faucibus cursus urna ut tellus nulla ut erat id mauris,41
141,ante vivamus tortor duis mattis egestas metus aenean fermentum donec,42
142,sapien quis libero nullam sit amet turpis elementum ligula vehicula consequat morbi a ipsum integer a,43
143,quam sapien varius ut blandit non interdum in ante vestibulum ante ipsum,44
144,lobortis sapien sapien non mi integer ac neque duis bibendum morbi non quam nec dui luctus,45
145,sodales sed tincidunt eu felis fusce posuere felis sed lacus morbi sem mauris laoreet,46
146,vestibulum sed magna at nunc commodo placerat praesent blandit nam nulla integer pede justo lacinia eget tincidunt eget,47
147,eu orci mauris lacinia sapien quis libero nullam sit amet turpis elementum ligula vehicula consequat morbi,48
148,cubilia curae nulla dapibus dolor vel est donec odio justo sollicitudin ut suscipit a feugiat et eros,49
149,aliquet ultrices erat tortor sollicitudin mi sit amet lobortis sapien sapien non mi integer ac neque duis,50
150,lobortis convallis tortor risus dapibus augue vel accumsan tellus nisi,51
151,tellus semper interdum mauris ullamcorper purus sit amet nulla quisque arcu libero rutrum,52
152,et ultrices posuere cubilia curae mauris viverra diam vitae quam suspendisse potenti nullam porttitor lacus,53
153,cubilia curae duis faucibus accumsan odio curabitur convallis duis consequat dui nec nisi volutpat eleifend donec ut dolor morbi vel,54
154,maecenas leo odio condimentum id luctus nec molestie sed justo pellentesque viverra pede ac diam cras pellentesque volutpat dui,55
155,nonummy integer non velit donec diam neque vestibulum eget vulputate,56
156,felis sed lacus morbi sem mauris laoreet ut rhoncus aliquet pulvinar sed nisl,57
157,dapibus dolor vel est donec odio justo sollicitudin ut suscipit a feugiat,58
158,integer ac leo pellentesque ultrices mattis odio donec vitae nisi nam ultrices libero non mattis pulvinar nulla pede ullamcorper augue,59
159,maecenas leo odio condimentum id luctus nec molestie sed justo pellentesque viverra pede ac diam cras,60
160,leo maecenas pulvinar lobortis est phasellus sit amet erat nulla tempus vivamus in felis,61
161,pede lobortis ligula sit amet eleifend pede libero quis orci nullam molestie nibh in,62
162,volutpat erat quisque erat eros viverra eget congue eget semper,63
163,mauris non ligula pellentesque ultrices phasellus id sapien in sapien iaculis congue vivamus,64
164,eu massa donec dapibus duis at velit eu est congue elementum in hac habitasse platea,65
165,hac habitasse platea dictumst aliquam augue quam sollicitudin vitae consectetuer,66
166,sed ante vivamus tortor duis mattis egestas metus aenean fermentum donec,67
167,nullam molestie nibh in lectus pellentesque at nulla suspendisse potenti cras in purus eu,68
168,quisque erat eros viverra eget congue eget semper rutrum nulla,69
169,sapien cum sociis natoque penatibus et magnis dis parturient montes,70
170,eget tempus vel pede morbi porttitor lorem id ligula suspendisse ornare consequat lectus in est,71
171,vestibulum ante ipsum primis in faucibus orci luctus et ultrices posuere,72
172,sollicitudin mi sit amet lobortis sapien sapien non mi integer ac neque duis bibendum morbi non quam nec dui luctus,73
173,volutpat dui maecenas tristique est et tempus semper est quam pharetra magna,74
174,dignissim vestibulum vestibulum ante ipsum primis in faucibus orci luctus et ultrices posuere cubilia curae nulla dapibus dolor vel,75
175,nam dui proin leo odio porttitor id consequat in consequat ut nulla sed accumsan felis ut at dolor,76
176,quis odio consequat varius integer ac leo pellentesque ultrices mattis odio donec vitae nisi nam ultrices libero non mattis,77
177,enim leo rhoncus sed vestibulum sit amet cursus id turpis integer aliquet massa id,78
178,libero non mattis pulvinar nulla pede ullamcorper augue a suscipit nulla elit ac nulla sed vel enim sit,79
179,in congue etiam justo etiam pretium iaculis justo in hac habitasse platea,80
180,blandit ultrices enim lorem ipsum dolor sit amet consectetuer adipiscing,81
181,at velit eu est congue elementum in hac habitasse platea dictumst,82
182,orci luctus et ultrices posuere cubilia curae nulla dapibus dolor vel est donec odio justo sollicitudin ut suscipit,83
183,feugiat et eros vestibulum ac est lacinia nisi venenatis tristique fusce congue diam id ornare imperdiet sapien,84
184,mattis nibh ligula nec sem duis aliquam convallis nunc proin at turpis a,85
185,sapien a libero nam dui proin leo odio porttitor id consequat in consequat ut,86
186,amet nunc viverra dapibus nulla suscipit ligula in lacus curabitur at ipsum ac tellus semper interdum mauris ullamcorper purus sit,87
187,amet consectetuer adipiscing elit proin risus praesent lectus vestibulum quam sapien varius ut blandit non interdum in ante vestibulum ante,88
188,quam suspendisse potenti nullam porttitor lacus at turpis donec posuere,89
189,dictumst etiam faucibus cursus urna ut tellus nulla ut erat id mauris vulputate,90
190,vivamus vestibulum sagittis sapien cum sociis natoque penatibus et magnis dis parturient montes nascetur ridiculus,91
191,at velit eu est congue elementum in hac habitasse platea dictumst morbi vestibulum velit id pretium iaculis diam erat,92
192,lacus curabitur at ipsum ac tellus semper interdum mauris ullamcorper purus sit amet nulla,93
193,volutpat in congue etiam justo etiam pretium iaculis justo in hac habitasse platea dictumst etiam faucibus cursus,94
194,turpis adipiscing lorem vitae mattis nibh ligula nec sem duis,95
195,consectetuer adipiscing elit proin risus praesent lectus vestibulum quam sapien varius ut blandit non,96
196,ligula vehicula consequat morbi a ipsum integer a nibh in quis justo maecenas rhoncus,97
197,ipsum dolor sit amet consectetuer adipiscing elit proin interdum mauris non ligula pellentesque ultrices phasellus id sapien,98
198,pellentesque eget nunc donec quis orci eget orci vehicula condimentum curabitur in libero ut,99
199,mauris enim leo rhoncus sed vestibulum sit amet cursus id turpis integer aliquet massa id lobortis convallis tortor risus,100
200,nisl venenatis lacinia aenean sit amet justo morbi ut odio cras mi pede malesuada in,101
201,sed accumsan felis ut at dolor quis odio consequat varius integer,102
202,nulla elit ac nulla sed vel enim sit amet nunc viverra dapibus nulla suscipit ligula in lacus,103
203,id lobortis convallis tortor risus dapibus augue vel accumsan tellus nisi eu orci mauris lacinia sapien quis libero nullam sit,104
204,felis donec semper sapien a libero nam dui proin leo odio porttitor id consequat in consequat ut nulla,105
205,in lacus curabitur at ipsum ac tellus semper interdum mauris ullamcorper purus sit amet nulla quisque arcu libero rutrum,106
206,arcu adipiscing molestie hendrerit at vulputate vitae nisl aenean lectus pellentesque,107
207,platea dictumst aliquam augue quam sollicitudin vitae consectetuer eget rutrum at lorem integer tincidunt ante,108
208,lorem quisque ut erat curabitur gravida nisi at nibh in hac habitasse platea dictumst aliquam augue,109
209,proin eu mi nulla ac enim in tempor turpis nec euismod scelerisque quam turpis adipiscing lorem vitae,110
210,tristique fusce congue diam id ornare imperdiet sapien urna pretium nisl ut volutpat sapien,111
211,in consequat ut nulla sed accumsan felis ut at dolor quis odio consequat varius integer ac leo pellentesque ultrices mattis,112
212,habitasse platea dictumst morbi vestibulum velit id pretium iaculis diam erat fermentum,113
213,posuere cubilia curae donec pharetra magna vestibulum aliquet ultrices erat tortor sollicitudin mi sit amet lobortis sapien sapien non,114
214,quis orci eget orci vehicula condimentum curabitur in libero ut massa volutpat convallis,115
215,blandit nam nulla integer pede justo lacinia eget tincidunt eget tempus vel pede morbi porttitor,116
216,ut nulla sed accumsan felis ut at dolor quis odio consequat varius integer ac leo,117
217,sit amet lobortis sapien sapien non mi integer ac neque duis bibendum morbi non quam nec dui luctus rutrum nulla,118
218,nunc nisl duis bibendum felis sed interdum venenatis turpis enim blandit mi,119
219,velit donec diam neque vestibulum eget vulputate ut ultrices vel,120
220,molestie nibh in lectus pellentesque at nulla suspendisse potenti cras in purus eu magna,121
221,auctor sed tristique in tempus sit amet sem fusce consequat nulla nisl nunc nisl duis,122
222,eu sapien cursus vestibulum proin eu mi nulla ac enim in tempor turpis,123
223,habitasse platea dictumst etiam faucibus cursus urna ut tellus nulla ut erat id mauris vulputate elementum nullam varius nulla facilisi,124
224,volutpat dui maecenas tristique est et tempus semper est quam pharetra magna ac consequat metus,125
225,felis eu sapien cursus vestibulum proin eu mi nulla ac enim in tempor turpis nec euismod scelerisque quam turpis,126
226,elit proin risus praesent lectus vestibulum quam sapien varius ut blandit,127
227,nulla quisque arcu libero rutrum ac lobortis vel dapibus at,128
228,non quam nec dui luctus rutrum nulla tellus in sagittis,129
229,eros suspendisse accumsan tortor quis turpis sed ante vivamus tortor,130
230,tincidunt ante vel ipsum praesent blandit lacinia erat vestibulum sed magna at,131
231,placerat praesent blandit nam nulla integer pede justo lacinia eget tincidunt eget tempus vel,132
232,et ultrices posuere cubilia curae donec pharetra magna vestibulum aliquet ultrices erat tortor sollicitudin mi sit amet lobortis sapien,133
233,elit ac nulla sed vel enim sit amet nunc viverra dapibus nulla,134
234,mattis egestas metus aenean fermentum donec ut mauris eget massa tempor convallis nulla,135
235,consequat dui nec nisi volutpat eleifend donec ut dolor morbi,136
236,eget vulputate ut ultrices vel augue vestibulum ante ipsum primis in faucibus,137
237,tristique fusce congue diam id ornare imperdiet sapien urna pretium nisl ut volutpat sapien arcu sed augue aliquam erat,138
238,sapien quis libero nullam sit amet turpis elementum ligula vehicula consequat morbi a ipsum integer,139
239,massa id nisl venenatis lacinia aenean sit amet justo morbi,140
240,non lectus aliquam sit amet diam in magna bibendum imperdiet nullam orci,141
241,quam nec dui luctus rutrum nulla tellus in sagittis dui vel nisl duis ac nibh,142
242,ut massa volutpat convallis morbi odio odio elementum eu interdum eu tincidunt,143
243,at nunc commodo placerat praesent blandit nam nulla integer pede justo lacinia eget tincidunt,144
244,integer non velit donec diam neque vestibulum eget vulputate ut ultrices vel augue vestibulum ante ipsum primis in faucibus,145
245,ut massa quis augue luctus tincidunt nulla mollis molestie lorem quisque ut,146
246,faucibus accumsan odio curabitur convallis duis consequat dui nec nisi volutpat eleifend donec ut dolor morbi vel lectus,147
247,morbi vestibulum velit id pretium iaculis diam erat fermentum justo nec condimentum,148
248,in felis eu sapien cursus vestibulum proin eu mi nulla ac enim in tempor,149
249,lacinia nisi venenatis tristique fusce congue diam id ornare imperdiet sapien urna pretium,150
250,sapien placerat ante nulla justo aliquam quis turpis eget elit sodales scelerisque mauris sit amet eros suspendisse accumsan tortor quis,151
251,aliquam lacus morbi quis tortor id nulla ultrices aliquet maecenas leo odio condimentum id luctus nec molestie,152
252,semper interdum mauris ullamcorper purus sit amet nulla quisque arcu,153
253,curae mauris viverra diam vitae quam suspendisse potenti nullam porttitor lacus at turpis donec posuere metus vitae ipsum aliquam,154
254,vulputate justo in blandit ultrices enim lorem ipsum dolor sit amet consectetuer adipiscing elit proin interdum mauris non ligula,155
255,mauris ullamcorper purus sit amet nulla quisque arcu libero rutrum ac lobortis vel dapibus at diam nam tristique tortor,156
256,aenean lectus pellentesque eget nunc donec quis orci eget orci vehicula condimentum curabitur,157
257,magna ac consequat metus sapien ut nunc vestibulum ante ipsum primis in faucibus orci luctus et ultrices,158
258,ligula vehicula consequat morbi a ipsum integer a nibh in quis justo maecenas,159
259,nulla tellus in sagittis dui vel nisl duis ac nibh fusce lacus purus aliquet at feugiat non,160
260,orci vehicula condimentum curabitur in libero ut massa volutpat convallis morbi odio odio elementum eu interdum eu tincidunt,161
261,nonummy integer non velit donec diam neque vestibulum eget vulputate,162
262,vel augue vestibulum rutrum rutrum neque aenean auctor gravida sem praesent,163
263,velit nec nisi vulputate nonummy maecenas tincidunt lacus at velit vivamus vel nulla eget eros elementum pellentesque quisque,164
264,faucibus orci luctus et ultrices posuere cubilia curae mauris viverra diam,165
265,eros vestibulum ac est lacinia nisi venenatis tristique fusce congue,166
266,fringilla rhoncus mauris enim leo rhoncus sed vestibulum sit amet,167
267,convallis morbi odio odio elementum eu interdum eu tincidunt in leo maecenas pulvinar lobortis est phasellus sit,168
268,donec pharetra magna vestibulum aliquet ultrices erat tortor sollicitudin mi sit,169
269,tellus in sagittis dui vel nisl duis ac nibh fusce,170
270,nulla tempus vivamus in felis eu sapien cursus vestibulum proin eu mi nulla ac enim in tempor turpis nec euismod,171
271,lectus pellentesque eget nunc donec quis orci eget orci vehicula condimentum curabitur,172
272,velit donec diam neque vestibulum eget vulputate ut ultrices vel augue vestibulum ante ipsum primis in faucibus orci luctus,173
273,blandit ultrices enim lorem ipsum dolor sit amet consectetuer adipiscing elit proin interdum mauris non ligula pellentesque,174
274,nulla suscipit ligula in lacus curabitur at ipsum ac tellus semper interdum mauris ullamcorper purus,175
275,id massa id nisl venenatis lacinia aenean sit amet justo morbi ut odio cras mi pede malesuada,176
276,pretium quis lectus suspendisse potenti in eleifend quam a odio in hac,177
277,amet erat nulla tempus vivamus in felis eu sapien cursus vestibulum proin eu mi nulla,178
278,interdum eu tincidunt in leo maecenas pulvinar lobortis est phasellus sit amet erat nulla,179
279,ultrices mattis odio donec vitae nisi nam ultrices libero non mattis pulvinar nulla pede ullamcorper augue a,180
280,turpis adipiscing lorem vitae mattis nibh ligula nec sem duis aliquam convallis nunc proin at,181
281,ac neque duis bibendum morbi non quam nec dui luctus rutrum nulla tellus in,182
282,nulla tempus vivamus in felis eu sapien cursus vestibulum proin eu mi,183
283,non mattis pulvinar nulla pede ullamcorper augue a suscipit nulla elit ac nulla sed vel enim sit amet nunc,184
284,turpis eget elit sodales scelerisque mauris sit amet eros suspendisse accumsan tortor quis turpis sed ante vivamus tortor,185
285,vulputate justo in blandit ultrices enim lorem ipsum dolor sit amet consectetuer adipiscing elit proin,186
286,hac habitasse platea dictumst maecenas ut massa quis augue luctus tincidunt nulla mollis molestie lorem quisque ut,187
287,vehicula consequat morbi a ipsum integer a nibh in quis justo maecenas rhoncus aliquam lacus morbi quis tortor id nulla,188
288,feugiat non pretium quis lectus suspendisse potenti in eleifend quam a odio in hac habitasse platea dictumst maecenas,189
289,arcu sed augue aliquam erat volutpat in congue etiam justo etiam pretium iaculis justo in hac habitasse platea dictumst etiam,190
290,fusce lacus purus aliquet at feugiat non pretium quis lectus suspendisse potenti in eleifend quam,191
291,at ipsum ac tellus semper interdum mauris ullamcorper purus sit amet nulla quisque,192
292,blandit lacinia erat vestibulum sed magna at nunc commodo placerat praesent,193
293,at turpis a pede posuere nonummy integer non velit donec diam neque vestibulum,194
294,turpis integer aliquet massa id lobortis convallis tortor risus dapibus augue vel accumsan tellus nisi eu orci mauris,195
295,porttitor lorem id ligula suspendisse ornare consequat lectus in est risus auctor sed tristique in tempus sit amet sem fusce,196
296,ornare imperdiet sapien urna pretium nisl ut volutpat sapien arcu,197
297,at nibh in hac habitasse platea dictumst aliquam augue quam sollicitudin vitae consectetuer eget rutrum at lorem integer,198
298,ultrices posuere cubilia curae duis faucibus accumsan odio curabitur convallis,199
299,ipsum dolor sit amet consectetuer adipiscing elit proin risus praesent lectus vestibulum quam,200
300,magna at nunc commodo placerat praesent blandit nam nulla integer pede justo lacinia eget tincidunt eget tempus vel pede,201
301,nisi nam ultrices libero non mattis pulvinar nulla pede ullamcorper augue a suscipit nulla elit ac nulla sed vel,202
302,sed augue aliquam erat volutpat in congue etiam justo etiam pretium iaculis justo in,203
303,justo in hac habitasse platea dictumst etiam faucibus cursus urna,204
304,justo morbi ut odio cras mi pede malesuada in imperdiet et commodo vulputate justo in blandit ultrices enim lorem,205
305,viverra pede ac diam cras pellentesque volutpat dui maecenas tristique est et tempus semper est,206
306,lacinia eget tincidunt eget tempus vel pede morbi porttitor lorem id ligula suspendisse ornare consequat lectus in est,207
307,blandit non interdum in ante vestibulum ante ipsum primis in faucibus orci luctus et ultrices posuere,208
308,sagittis sapien cum sociis natoque penatibus et magnis dis parturient montes nascetur ridiculus mus,209
309,luctus et ultrices posuere cubilia curae mauris viverra diam vitae quam suspendisse potenti nullam porttitor lacus at turpis donec,210
310,integer a nibh in quis justo maecenas rhoncus aliquam lacus morbi quis tortor id nulla ultrices aliquet,211
311,platea dictumst morbi vestibulum velit id pretium iaculis diam erat fermentum,212
312,justo sit amet sapien dignissim vestibulum vestibulum ante ipsum primis in faucibus orci luctus et ultrices posuere,213
313,dapibus duis at velit eu est congue elementum in hac habitasse platea dictumst,214
314,ut at dolor quis odio consequat varius integer ac leo pellentesque,215
315,magna ac consequat metus sapien ut nunc vestibulum ante ipsum primis,216
316,donec dapibus duis at velit eu est congue elementum in hac habitasse platea dictumst morbi vestibulum velit id pretium,217
317,iaculis justo in hac habitasse platea dictumst etiam faucibus cursus urna,218
318,eros elementum pellentesque quisque porta volutpat erat quisque erat eros viverra eget congue eget semper rutrum nulla,219
319,hac habitasse platea dictumst maecenas ut massa quis augue luctus tincidunt nulla mollis molestie lorem,220
320,nec dui luctus rutrum nulla tellus in sagittis dui vel nisl duis ac nibh fusce lacus purus aliquet at feugiat,221
321,curae nulla dapibus dolor vel est donec odio justo sollicitudin ut suscipit a feugiat et,222
322,posuere metus vitae ipsum aliquam non mauris morbi non lectus aliquam sit amet diam in magna bibendum imperdiet nullam,223
323,quam pede lobortis ligula sit amet eleifend pede libero quis orci nullam molestie nibh in,224
324,at nulla suspendisse potenti cras in purus eu magna vulputate luctus,225
325,accumsan felis ut at dolor quis odio consequat varius integer,226
326,vitae quam suspendisse potenti nullam porttitor lacus at turpis donec posuere metus vitae ipsum aliquam non mauris morbi,227
327,primis in faucibus orci luctus et ultrices posuere cubilia curae nulla dapibus dolor vel est,228
328,ut nulla sed accumsan felis ut at dolor quis odio consequat varius integer,229
329,ultrices mattis odio donec vitae nisi nam ultrices libero non mattis pulvinar nulla pede ullamcorper,230
330,volutpat eleifend donec ut dolor morbi vel lectus in quam,231
331,at velit vivamus vel nulla eget eros elementum pellentesque quisque porta volutpat erat quisque erat eros viverra eget congue eget,232
332,ante ipsum primis in faucibus orci luctus et ultrices posuere cubilia curae,233
333,vulputate justo in blandit ultrices enim lorem ipsum dolor sit amet consectetuer adipiscing elit proin interdum mauris non ligula pellentesque,234
334,nibh fusce lacus purus aliquet at feugiat non pretium quis lectus suspendisse potenti in eleifend quam,235
335,bibendum imperdiet nullam orci pede venenatis non sodales sed tincidunt eu felis,236
336,morbi a ipsum integer a nibh in quis justo maecenas,237
337,massa quis augue luctus tincidunt nulla mollis molestie lorem quisque ut,238
338,quisque id justo sit amet sapien dignissim vestibulum vestibulum ante ipsum primis in faucibus orci luctus,239
339,enim sit amet nunc viverra dapibus nulla suscipit ligula in lacus curabitur at ipsum ac tellus semper,240
340,nisl duis bibendum felis sed interdum venenatis turpis enim blandit,241
341,et ultrices posuere cubilia curae duis faucibus accumsan odio curabitur convallis duis consequat dui nec nisi volutpat,242
342,sed justo pellentesque viverra pede ac diam cras pellentesque volutpat dui maecenas,243
343,dapibus duis at velit eu est congue elementum in hac habitasse platea dictumst,244
344,enim blandit mi in porttitor pede justo eu massa donec dapibus,245
345,felis ut at dolor quis odio consequat varius integer ac leo pellentesque ultrices mattis odio,246
346,lectus in est risus auctor sed tristique in tempus sit amet sem fusce,247
347,elit sodales scelerisque mauris sit amet eros suspendisse accumsan tortor quis,248
348,ligula in lacus curabitur at ipsum ac tellus semper interdum mauris ullamcorper purus,249
349,eros suspendisse accumsan tortor quis turpis sed ante vivamus tortor duis mattis egestas metus aenean fermentum donec ut mauris,250
350,erat id mauris vulputate elementum nullam varius nulla facilisi cras non velit,251
351,et magnis dis parturient montes nascetur ridiculus mus etiam vel augue vestibulum rutrum rutrum neque,252
352,arcu adipiscing molestie hendrerit at vulputate vitae nisl aenean lectus pellentesque eget nunc donec quis orci eget orci vehicula,253
353,interdum mauris non ligula pellentesque ultrices phasellus id sapien in sapien iaculis congue,254
354,augue quam sollicitudin vitae consectetuer eget rutrum at lorem integer tincidunt ante vel ipsum praesent blandit lacinia erat vestibulum sed,255
355,cubilia curae mauris viverra diam vitae quam suspendisse potenti nullam porttitor lacus at turpis donec posuere,256
356,accumsan odio curabitur convallis duis consequat dui nec nisi volutpat eleifend donec ut,257
357,sem praesent id massa id nisl venenatis lacinia aenean sit amet justo morbi ut odio cras mi pede,258
358,at velit eu est congue elementum in hac habitasse platea,259
359,sollicitudin vitae consectetuer eget rutrum at lorem integer tincidunt ante,260
360,dictumst morbi vestibulum velit id pretium iaculis diam erat fermentum justo,261
361,massa tempor convallis nulla neque libero convallis eget eleifend luctus ultricies eu nibh quisque id,262
362,consequat dui nec nisi volutpat eleifend donec ut dolor morbi vel,263
363,in porttitor pede justo eu massa donec dapibus duis at velit eu est congue elementum in,264
364,sed tristique in tempus sit amet sem fusce consequat nulla nisl nunc nisl duis bibendum felis sed interdum,265
365,quisque id justo sit amet sapien dignissim vestibulum vestibulum ante ipsum primis in faucibus orci luctus,266
366,vestibulum sagittis sapien cum sociis natoque penatibus et magnis dis,267
367,nulla ut erat id mauris vulputate elementum nullam varius nulla facilisi cras non velit nec nisi vulputate nonummy maecenas tincidunt,268
368,turpis nec euismod scelerisque quam turpis adipiscing lorem vitae mattis nibh ligula nec sem duis aliquam convallis nunc proin at,269
369,ut mauris eget massa tempor convallis nulla neque libero convallis eget eleifend luctus ultricies eu nibh quisque id,270
370,curabitur in libero ut massa volutpat convallis morbi odio odio elementum eu interdum eu tincidunt in leo maecenas pulvinar lobortis,271
371,imperdiet et commodo vulputate justo in blandit ultrices enim lorem ipsum dolor sit amet consectetuer adipiscing elit proin interdum,272
372,sit amet sem fusce consequat nulla nisl nunc nisl duis bibendum felis sed,273
373,purus phasellus in felis donec semper sapien a libero nam dui proin,274
374,quis odio consequat varius integer ac leo pellentesque ultrices mattis,275
375,justo morbi ut odio cras mi pede malesuada in imperdiet et commodo vulputate justo in blandit,276
376,dolor quis odio consequat varius integer ac leo pellentesque ultrices mattis odio donec,277
377,risus praesent lectus vestibulum quam sapien varius ut blandit non interdum in ante vestibulum ante ipsum primis,278
378,enim lorem ipsum dolor sit amet consectetuer adipiscing elit proin interdum mauris non,279
379,eleifend pede libero quis orci nullam molestie nibh in lectus pellentesque at,280
380,ante ipsum primis in faucibus orci luctus et ultrices posuere cubilia curae duis faucibus accumsan,281
381,hac habitasse platea dictumst morbi vestibulum velit id pretium iaculis diam erat fermentum justo nec condimentum neque sapien placerat ante,282
382,donec semper sapien a libero nam dui proin leo odio porttitor,283
383,sapien dignissim vestibulum vestibulum ante ipsum primis in faucibus orci luctus et ultrices posuere cubilia curae nulla dapibus dolor vel,284
384,in faucibus orci luctus et ultrices posuere cubilia curae duis faucibus accumsan odio curabitur convallis,285
385,montes nascetur ridiculus mus etiam vel augue vestibulum rutrum rutrum neque aenean auctor gravida sem praesent,286
386,sed ante vivamus tortor duis mattis egestas metus aenean fermentum donec ut mauris eget massa tempor convallis nulla,287
387,justo maecenas rhoncus aliquam lacus morbi quis tortor id nulla ultrices aliquet maecenas leo,288
388,non velit nec nisi vulputate nonummy maecenas tincidunt lacus at velit vivamus vel nulla eget eros elementum pellentesque quisque porta,289
389,auctor gravida sem praesent id massa id nisl venenatis lacinia aenean sit amet,290
390,sed nisl nunc rhoncus dui vel sem sed sagittis nam congue risus semper porta volutpat quam pede lobortis,291
391,accumsan odio curabitur convallis duis consequat dui nec nisi volutpat eleifend donec ut dolor morbi,292
392,donec quis orci eget orci vehicula condimentum curabitur in libero ut massa volutpat convallis,293
393,eget tincidunt eget tempus vel pede morbi porttitor lorem id,294
394,nisi nam ultrices libero non mattis pulvinar nulla pede ullamcorper augue a suscipit nulla elit ac nulla sed vel enim,295
395,odio consequat varius integer ac leo pellentesque ultrices mattis odio donec vitae nisi nam ultrices libero,296
396,sapien sapien non mi integer ac neque duis bibendum morbi non quam nec dui luctus rutrum nulla,297
397,nunc rhoncus dui vel sem sed sagittis nam congue risus semper porta volutpat quam,298
398,molestie lorem quisque ut erat curabitur gravida nisi at nibh,299
399,ante vel ipsum praesent blandit lacinia erat vestibulum sed magna at nunc commodo placerat praesent blandit nam nulla integer pede,300
400,posuere cubilia curae nulla dapibus dolor vel est donec odio justo sollicitudin ut suscipit a feugiat et eros,301
401,dolor sit amet consectetuer adipiscing elit proin risus praesent lectus vestibulum quam sapien varius,302
402,venenatis tristique fusce congue diam id ornare imperdiet sapien urna pretium nisl ut volutpat sapien arcu sed augue,303
403,duis bibendum morbi non quam nec dui luctus rutrum nulla tellus in sagittis dui vel nisl duis ac nibh,304
404,habitasse platea dictumst maecenas ut massa quis augue luctus tincidunt nulla mollis molestie lorem,305
405,quam nec dui luctus rutrum nulla tellus in sagittis dui vel nisl duis ac nibh fusce lacus purus,306
406,auctor gravida sem praesent id massa id nisl venenatis lacinia aenean sit amet justo morbi ut odio cras mi,307
407,dictumst maecenas ut massa quis augue luctus tincidunt nulla mollis molestie lorem,308
408,luctus et ultrices posuere cubilia curae duis faucibus accumsan odio curabitur convallis duis consequat dui nec nisi,309
409,sociis natoque penatibus et magnis dis parturient montes nascetur ridiculus mus etiam vel augue vestibulum rutrum,310
410,in quis justo maecenas rhoncus aliquam lacus morbi quis tortor id nulla ultrices aliquet maecenas leo odio condimentum id luctus,311
411,accumsan odio curabitur convallis duis consequat dui nec nisi volutpat,312
412,duis faucibus accumsan odio curabitur convallis duis consequat dui nec nisi volutpat,313
413,id nulla ultrices aliquet maecenas leo odio condimentum id luctus nec molestie sed,314
414,sollicitudin vitae consectetuer eget rutrum at lorem integer tincidunt ante vel ipsum praesent blandit lacinia erat vestibulum sed magna,315
415,aenean lectus pellentesque eget nunc donec quis orci eget orci vehicula condimentum curabitur in libero ut massa volutpat,316
416,sit amet sapien dignissim vestibulum vestibulum ante ipsum primis in faucibus orci,317
417,sodales sed tincidunt eu felis fusce posuere felis sed lacus morbi sem mauris,318
418,parturient montes nascetur ridiculus mus vivamus vestibulum sagittis sapien cum sociis natoque penatibus et magnis,319
419,scelerisque quam turpis adipiscing lorem vitae mattis nibh ligula nec sem duis aliquam convallis nunc proin at,320
420,condimentum neque sapien placerat ante nulla justo aliquam quis turpis eget elit sodales scelerisque mauris,321
421,ac diam cras pellentesque volutpat dui maecenas tristique est et tempus semper est,322
422,at nibh in hac habitasse platea dictumst aliquam augue quam sollicitudin vitae,323
423,metus sapien ut nunc vestibulum ante ipsum primis in faucibus,324
424,vel pede morbi porttitor lorem id ligula suspendisse ornare consequat lectus in est risus auctor sed tristique in,325
425,leo pellentesque ultrices mattis odio donec vitae nisi nam ultrices libero non mattis pulvinar nulla,326
426,eu massa donec dapibus duis at velit eu est congue,327
427,diam vitae quam suspendisse potenti nullam porttitor lacus at turpis,328
428,morbi sem mauris laoreet ut rhoncus aliquet pulvinar sed nisl nunc,329
429,nulla sed vel enim sit amet nunc viverra dapibus nulla suscipit ligula in lacus,330
430,non quam nec dui luctus rutrum nulla tellus in sagittis dui vel nisl duis ac nibh fusce lacus purus,331
431,cubilia curae duis faucibus accumsan odio curabitur convallis duis consequat dui nec nisi volutpat eleifend donec ut dolor,332
432,dapibus duis at velit eu est congue elementum in hac habitasse platea,333
433,iaculis congue vivamus metus arcu adipiscing molestie hendrerit at vulputate vitae nisl aenean lectus pellentesque eget nunc donec quis orci,334
434,duis bibendum morbi non quam nec dui luctus rutrum nulla tellus in sagittis,335
435,mauris sit amet eros suspendisse accumsan tortor quis turpis sed ante vivamus tortor duis mattis egestas metus aenean,336
436,eget eros elementum pellentesque quisque porta volutpat erat quisque erat eros viverra eget,337
437,neque aenean auctor gravida sem praesent id massa id nisl venenatis lacinia aenean,338
438,gravida sem praesent id massa id nisl venenatis lacinia aenean sit amet,339
439,penatibus et magnis dis parturient montes nascetur ridiculus mus vivamus,340
440,amet eros suspendisse accumsan tortor quis turpis sed ante vivamus tortor duis mattis egestas metus,341
441,velit id pretium iaculis diam erat fermentum justo nec condimentum,342
442,platea dictumst morbi vestibulum velit id pretium iaculis diam erat fermentum justo nec condimentum neque sapien placerat ante nulla justo,343
443,non lectus aliquam sit amet diam in magna bibendum imperdiet nullam,344
444,ultrices posuere cubilia curae duis faucibus accumsan odio curabitur convallis duis,345
445,nisl ut volutpat sapien arcu sed augue aliquam erat volutpat in,346
446,duis bibendum felis sed interdum venenatis turpis enim blandit mi in porttitor pede justo eu,347
447,ultrices posuere cubilia curae mauris viverra diam vitae quam suspendisse potenti nullam porttitor lacus at turpis donec posuere,348
448,aliquet ultrices erat tortor sollicitudin mi sit amet lobortis sapien sapien non mi integer ac,349
449,pellentesque eget nunc donec quis orci eget orci vehicula condimentum curabitur in libero,350
450,sapien arcu sed augue aliquam erat volutpat in congue etiam justo etiam,351
451,quam sapien varius ut blandit non interdum in ante vestibulum ante ipsum primis in faucibus orci luctus et ultrices posuere,352
452,proin at turpis a pede posuere nonummy integer non velit donec diam neque,353
453,in hac habitasse platea dictumst maecenas ut massa quis augue luctus tincidunt nulla mollis molestie,354
454,pede morbi porttitor lorem id ligula suspendisse ornare consequat lectus in est,355
455,sit amet eros suspendisse accumsan tortor quis turpis sed ante,356
456,donec pharetra magna vestibulum aliquet ultrices erat tortor sollicitudin mi sit amet lobortis,357
457,lacus purus aliquet at feugiat non pretium quis lectus suspendisse potenti in eleifend quam a odio in hac habitasse,358
458,rutrum at lorem integer tincidunt ante vel ipsum praesent blandit lacinia erat vestibulum sed magna at nunc commodo placerat praesent,359
459,volutpat quam pede lobortis ligula sit amet eleifend pede libero quis orci nullam molestie nibh in lectus,360
460,posuere nonummy integer non velit donec diam neque vestibulum eget vulputate ut,361
461,ultrices enim lorem ipsum dolor sit amet consectetuer adipiscing elit proin interdum mauris non ligula,362
462,posuere nonummy integer non velit donec diam neque vestibulum eget vulputate ut ultrices vel augue vestibulum ante,363
463,sed sagittis nam congue risus semper porta volutpat quam pede lobortis,364
464,duis bibendum morbi non quam nec dui luctus rutrum nulla tellus,365
465,aliquet pulvinar sed nisl nunc rhoncus dui vel sem sed sagittis nam congue risus semper porta volutpat quam pede,366
466,donec semper sapien a libero nam dui proin leo odio porttitor,367
467,libero ut massa volutpat convallis morbi odio odio elementum eu,368
468,vel nisl duis ac nibh fusce lacus purus aliquet at feugiat non pretium quis lectus suspendisse,369
469,ligula sit amet eleifend pede libero quis orci nullam molestie nibh in lectus pellentesque at nulla suspendisse potenti cras in,370
470,hac habitasse platea dictumst etiam faucibus cursus urna ut tellus nulla ut erat id mauris vulputate,371
471,a nibh in quis justo maecenas rhoncus aliquam lacus morbi quis tortor id,372
472,augue vestibulum ante ipsum primis in faucibus orci luctus et ultrices posuere cubilia curae,373
473,sapien urna pretium nisl ut volutpat sapien arcu sed augue aliquam erat volutpat in congue etiam justo etiam pretium iaculis,374
474,porttitor pede justo eu massa donec dapibus duis at velit eu est,375
475,cubilia curae donec pharetra magna vestibulum aliquet ultrices erat tortor sollicitudin mi sit amet lobortis sapien sapien non,376
476,praesent lectus vestibulum quam sapien varius ut blandit non interdum in ante vestibulum ante,377
477,lacus curabitur at ipsum ac tellus semper interdum mauris ullamcorper purus sit amet nulla quisque arcu libero rutrum ac lobortis,378
478,quis justo maecenas rhoncus aliquam lacus morbi quis tortor id nulla ultrices aliquet maecenas leo odio condimentum id,379
479,magna bibendum imperdiet nullam orci pede venenatis non sodales sed tincidunt eu,380
480,mauris enim leo rhoncus sed vestibulum sit amet cursus id turpis,381
481,mattis nibh ligula nec sem duis aliquam convallis nunc proin at turpis a pede,382
482,ipsum aliquam non mauris morbi non lectus aliquam sit amet,383
483,rutrum rutrum neque aenean auctor gravida sem praesent id massa id nisl venenatis lacinia aenean sit amet justo morbi,384
484,at turpis a pede posuere nonummy integer non velit donec diam neque vestibulum eget vulputate ut,385
485,ligula sit amet eleifend pede libero quis orci nullam molestie,386
486,sem duis aliquam convallis nunc proin at turpis a pede posuere nonummy integer non velit donec,387
487,tellus semper interdum mauris ullamcorper purus sit amet nulla quisque arcu libero rutrum ac lobortis vel dapibus,388
488,ante vel ipsum praesent blandit lacinia erat vestibulum sed magna at nunc commodo,389
489,justo aliquam quis turpis eget elit sodales scelerisque mauris sit,390
490,purus eu magna vulputate luctus cum sociis natoque penatibus et magnis dis,391
491,malesuada in imperdiet et commodo vulputate justo in blandit ultrices enim lorem ipsum dolor sit amet consectetuer adipiscing,392
492,duis bibendum felis sed interdum venenatis turpis enim blandit mi in porttitor pede justo,393
493,pretium nisl ut volutpat sapien arcu sed augue aliquam erat volutpat in congue,394
494,amet sem fusce consequat nulla nisl nunc nisl duis bibendum felis sed interdum venenatis,395
495,nibh in lectus pellentesque at nulla suspendisse potenti cras in purus eu magna vulputate luctus,396
496,fusce lacus purus aliquet at feugiat non pretium quis lectus suspendisse potenti in eleifend quam,397
497,morbi vel lectus in quam fringilla rhoncus mauris enim leo rhoncus sed vestibulum sit amet,398
498,at nibh in hac habitasse platea dictumst aliquam augue quam sollicitudin vitae consectetuer,399
499,libero convallis eget eleifend luctus ultricies eu nibh quisque id justo,400
500,tristique in tempus sit amet sem fusce consequat nulla nisl nunc nisl duis bibendum felis,401
501,orci luctus et ultrices posuere cubilia curae duis faucibus accumsan odio,402
502,nonummy maecenas tincidunt lacus at velit vivamus vel nulla eget eros elementum pellentesque quisque porta volutpat,403
503,elementum nullam varius nulla facilisi cras non velit nec nisi vulputate nonummy maecenas tincidunt lacus at velit vivamus vel,404
504,penatibus et magnis dis parturient montes nascetur ridiculus mus vivamus vestibulum sagittis sapien cum sociis natoque penatibus et magnis dis,405
505,dapibus nulla suscipit ligula in lacus curabitur at ipsum ac tellus semper interdum,406
506,pretium nisl ut volutpat sapien arcu sed augue aliquam erat volutpat in congue etiam,407
507,sed sagittis nam congue risus semper porta volutpat quam pede,408
508,ut mauris eget massa tempor convallis nulla neque libero convallis eget,409
509,sem sed sagittis nam congue risus semper porta volutpat quam pede lobortis ligula sit amet eleifend pede libero quis orci,410
510,integer ac neque duis bibendum morbi non quam nec dui luctus rutrum,411
511,elementum pellentesque quisque porta volutpat erat quisque erat eros viverra eget congue eget,412
512,urna pretium nisl ut volutpat sapien arcu sed augue aliquam erat volutpat in congue etiam justo etiam pretium iaculis,413
513,quis augue luctus tincidunt nulla mollis molestie lorem quisque ut erat curabitur gravida nisi at nibh in,414
514,mus vivamus vestibulum sagittis sapien cum sociis natoque penatibus et magnis dis parturient montes nascetur ridiculus mus etiam,415
515,mauris enim leo rhoncus sed vestibulum sit amet cursus id turpis integer aliquet massa id lobortis convallis tortor risus,416
516,ipsum aliquam non mauris morbi non lectus aliquam sit amet diam in magna bibendum imperdiet nullam orci pede venenatis non,417
517,nascetur ridiculus mus vivamus vestibulum sagittis sapien cum sociis natoque penatibus et,418
518,magna bibendum imperdiet nullam orci pede venenatis non sodales sed tincidunt eu felis fusce posuere felis sed lacus morbi,419
519,interdum mauris non ligula pellentesque ultrices phasellus id sapien in sapien iaculis congue vivamus,420
520,suspendisse potenti in eleifend quam a odio in hac habitasse,421
521,in hac habitasse platea dictumst etiam faucibus cursus urna ut tellus nulla ut erat id mauris vulputate,422
522,justo etiam pretium iaculis justo in hac habitasse platea dictumst etiam faucibus cursus urna ut tellus nulla ut erat id,423
523,urna ut tellus nulla ut erat id mauris vulputate elementum nullam varius nulla facilisi cras non velit nec nisi vulputate,424
524,sodales sed tincidunt eu felis fusce posuere felis sed lacus morbi sem mauris laoreet ut rhoncus,425
525,id nulla ultrices aliquet maecenas leo odio condimentum id luctus nec molestie sed justo pellentesque viverra pede ac diam cras,426
526,in hac habitasse platea dictumst morbi vestibulum velit id pretium iaculis diam erat fermentum justo nec condimentum,427
527,ultrices erat tortor sollicitudin mi sit amet lobortis sapien sapien non mi integer ac neque,428
528,id massa id nisl venenatis lacinia aenean sit amet justo morbi ut odio cras,429
529,sollicitudin mi sit amet lobortis sapien sapien non mi integer ac neque duis bibendum morbi non,430
530,vivamus tortor duis mattis egestas metus aenean fermentum donec ut mauris eget massa tempor convallis nulla neque,431
531,non quam nec dui luctus rutrum nulla tellus in sagittis dui vel nisl duis,432
532,tellus nisi eu orci mauris lacinia sapien quis libero nullam sit amet,433
533,sapien varius ut blandit non interdum in ante vestibulum ante ipsum primis in faucibus orci luctus et ultrices posuere,434
534,vel est donec odio justo sollicitudin ut suscipit a feugiat et,435
535,parturient montes nascetur ridiculus mus etiam vel augue vestibulum rutrum,436
536,ante nulla justo aliquam quis turpis eget elit sodales scelerisque mauris sit amet eros suspendisse accumsan tortor,437
537,cubilia curae nulla dapibus dolor vel est donec odio justo sollicitudin ut suscipit,438
538,quis augue luctus tincidunt nulla mollis molestie lorem quisque ut erat,439
539,porttitor lacus at turpis donec posuere metus vitae ipsum aliquam non mauris morbi non lectus aliquam sit amet,440
540,libero quis orci nullam molestie nibh in lectus pellentesque at nulla suspendisse potenti cras in purus,441
541,vel pede morbi porttitor lorem id ligula suspendisse ornare consequat lectus in est risus auctor sed tristique,442
542,id turpis integer aliquet massa id lobortis convallis tortor risus dapibus augue vel accumsan tellus nisi eu orci mauris lacinia,443
543,vulputate elementum nullam varius nulla facilisi cras non velit nec nisi vulputate nonummy maecenas tincidunt lacus at velit,444
544,pede lobortis ligula sit amet eleifend pede libero quis orci nullam molestie,445
545,posuere cubilia curae nulla dapibus dolor vel est donec odio justo sollicitudin ut suscipit a,446
546,at velit vivamus vel nulla eget eros elementum pellentesque quisque porta volutpat,447
547,at velit eu est congue elementum in hac habitasse platea dictumst morbi vestibulum velit id pretium iaculis diam erat fermentum,448
548,ultrices enim lorem ipsum dolor sit amet consectetuer adipiscing elit proin interdum mauris non ligula pellentesque ultrices phasellus,449
549,curabitur gravida nisi at nibh in hac habitasse platea dictumst aliquam,450
550,aliquam quis turpis eget elit sodales scelerisque mauris sit amet eros suspendisse accumsan tortor,451
551,nulla quisque arcu libero rutrum ac lobortis vel dapibus at diam nam,452
552,quis libero nullam sit amet turpis elementum ligula vehicula consequat morbi a ipsum integer a,453
553,lorem quisque ut erat curabitur gravida nisi at nibh in hac habitasse platea dictumst aliquam augue,454
554,et ultrices posuere cubilia curae nulla dapibus dolor vel est donec odio justo sollicitudin ut suscipit a feugiat,455
555,vivamus metus arcu adipiscing molestie hendrerit at vulputate vitae nisl aenean lectus pellentesque eget nunc donec quis orci eget orci,456
556,mattis pulvinar nulla pede ullamcorper augue a suscipit nulla elit ac nulla sed vel enim sit amet nunc viverra,457
557,sit amet justo morbi ut odio cras mi pede malesuada,458
558,nulla ac enim in tempor turpis nec euismod scelerisque quam,459
559,erat vestibulum sed magna at nunc commodo placerat praesent blandit nam nulla integer pede,460
560,duis mattis egestas metus aenean fermentum donec ut mauris eget massa tempor convallis nulla neque libero convallis eget eleifend,461
561,blandit mi in porttitor pede justo eu massa donec dapibus duis at,462
562,ullamcorper augue a suscipit nulla elit ac nulla sed vel,463
563,ut ultrices vel augue vestibulum ante ipsum primis in faucibus orci luctus et ultrices posuere cubilia curae donec pharetra,464
564,eget semper rutrum nulla nunc purus phasellus in felis donec semper sapien a,465
565,in quis justo maecenas rhoncus aliquam lacus morbi quis tortor id nulla ultrices aliquet maecenas leo odio condimentum id luctus,466
566,nisi venenatis tristique fusce congue diam id ornare imperdiet sapien urna pretium nisl ut volutpat sapien,467
567,eget tincidunt eget tempus vel pede morbi porttitor lorem id,468
568,luctus et ultrices posuere cubilia curae nulla dapibus dolor vel est,469
569,amet nulla quisque arcu libero rutrum ac lobortis vel dapibus at diam nam tristique tortor,470
570,congue risus semper porta volutpat quam pede lobortis ligula sit amet eleifend pede libero quis orci nullam molestie,471
571,sapien varius ut blandit non interdum in ante vestibulum ante ipsum primis in faucibus orci luctus et ultrices,472
572,donec dapibus duis at velit eu est congue elementum in hac habitasse platea,473
573,luctus rutrum nulla tellus in sagittis dui vel nisl duis ac nibh fusce lacus purus aliquet,474
574,ut erat id mauris vulputate elementum nullam varius nulla facilisi cras non,475
575,habitasse platea dictumst etiam faucibus cursus urna ut tellus nulla ut erat,476
576,vel augue vestibulum rutrum rutrum neque aenean auctor gravida sem praesent id massa,477
577,nulla eget eros elementum pellentesque quisque porta volutpat erat quisque erat eros viverra eget congue eget semper,478
578,fusce congue diam id ornare imperdiet sapien urna pretium nisl ut volutpat sapien arcu sed augue,479
579,sodales sed tincidunt eu felis fusce posuere felis sed lacus morbi,480
580,vivamus vestibulum sagittis sapien cum sociis natoque penatibus et magnis dis parturient montes nascetur ridiculus mus etiam vel augue,481
581,rutrum ac lobortis vel dapibus at diam nam tristique tortor,482
582,aliquam lacus morbi quis tortor id nulla ultrices aliquet maecenas leo odio condimentum id luctus nec molestie,483
583,non interdum in ante vestibulum ante ipsum primis in faucibus orci luctus et ultrices posuere cubilia,484
584,turpis integer aliquet massa id lobortis convallis tortor risus dapibus augue vel,485
585,rhoncus mauris enim leo rhoncus sed vestibulum sit amet cursus id turpis integer aliquet massa id lobortis convallis tortor risus,486
586,natoque penatibus et magnis dis parturient montes nascetur ridiculus mus etiam vel augue,487
587,in lacus curabitur at ipsum ac tellus semper interdum mauris ullamcorper purus sit amet nulla quisque,488
588,arcu adipiscing molestie hendrerit at vulputate vitae nisl aenean lectus pellentesque eget nunc donec quis orci eget,489
589,nullam porttitor lacus at turpis donec posuere metus vitae ipsum aliquam non mauris morbi non,490
590,adipiscing elit proin interdum mauris non ligula pellentesque ultrices phasellus id sapien in sapien iaculis congue vivamus metus arcu,491
591,orci nullam molestie nibh in lectus pellentesque at nulla suspendisse potenti cras in,492
592,amet cursus id turpis integer aliquet massa id lobortis convallis tortor risus dapibus augue vel accumsan tellus nisi eu,493
593,quisque id justo sit amet sapien dignissim vestibulum vestibulum ante ipsum primis in faucibus orci luctus et ultrices,494
594,integer pede justo lacinia eget tincidunt eget tempus vel pede morbi porttitor lorem id ligula suspendisse ornare consequat,495
595,integer ac leo pellentesque ultrices mattis odio donec vitae nisi nam ultrices libero,496
596,et ultrices posuere cubilia curae mauris viverra diam vitae quam suspendisse potenti nullam porttitor lacus at turpis donec posuere,497
597,ut rhoncus aliquet pulvinar sed nisl nunc rhoncus dui vel,498
598,at nibh in hac habitasse platea dictumst aliquam augue quam sollicitudin vitae consectetuer eget,499
599,elit sodales scelerisque mauris sit amet eros suspendisse accumsan tortor quis,500
